[{"name":"environmentloader","hashes":{"sha1":"2fc905344ef416bbd3ef28398778d83cff47f8c3"},"contents":[{"owner":"wiiu-env","repo":"CustomRPXLoader","tag":{"name":"v0.1.3","commit":"6cb4fa4fca498e171bf7d33dbbdbd45e5474b61d"}},{"owner":"wiiu-env","repo":"EnvironmentLoader","tag":{"name":"v0.3.1","commit":"95d0ce1385354ca8b42e4aed4c5fc30e1d986ff9"}},{"owner":"wiiu-env","repo":"PayloadLoaderPayload","tag":{"name":"v0.1.2","commit":"aed781e88da983d3b02f3e1d9e44d6a6bcafa858"}}]},{"name":"wiiu-nanddumper-payload","hashes":{"sha1":"5c5ec09780e6c3eddecda4a041329251fb3103ce"},"contents":[{"owner":"wiiu-env","repo":"wiiu-nanddumper-payload","tag":{"name":"v0.1","commit":"5c5ec09780e6c3eddecda4a041329251fb3103ce"}}]},{"name":"fw_img_loader","hashes":{"sha1":"c2da326a9fcfe53098973604df7ec3195f9b9427"},"contents":[{"owner":"wiiu-env","repo":"fw_img_payload","tag":{"name":"v0.1","commit":"c2da326a9fcfe53098973604df7ec3195f9b9427"}}]},{"name":"payloadloaderinstaller","hashes":{"sha1":"ec7176d2774f6d61831f6b06f66bb7ae8ce42bd7"},"contents":[{"owner":"wiiu-env","repo":"LaunchInstaller","tag":{"name":"v0.1","commit":"37197bf5de4c9dd0fb5148d4b4d2dc0d01bf2a02"}},{"owner":"wiiu-env","repo":"MochaPayload","tag":{"name":"v0.1","commit":"939b1837e4957e52df15a64ec7259df2e69a7208"}},{"owner":"wiiu-env","repo":"PayloadLoaderInstaller","tag":{"name":"v0.1.1","commit":"d3e801fffd3a1d3c4d336b5c112d861dca69ff9f"}}]},{"name":"tiramisu","hashes":{"sha1":"d6ed1b685952a4bbd73b1dfdc2f14196a6276291"},"contents":[{"owner":"wiiu-env","repo":"AutobootModule","tag":{"name":"v0.2.1","commit":"7c987b5b9d83155f619d88e062c03aed86d4f7e6"}},{"owner":"wiiu-env","repo":"HBLInstallerWrapper","tag":{"name":"v0.1","commit":"ba2d6a1e4d57f0da0fd447c9df3c21a43f432c93"}},{"owner":"dimok789","repo":"homebrew_launcher","tag":{"name":"v1.5","commit":"391c05d6fc7773aa0f476f4f058b3ba2eff4cb8a"}},{"owner":"wiiu-env","repo":"MochaPayload","tag":{"name":"v0.1","commit":"939b1837e4957e52df15a64ec7259df2e69a7208"}},{"owner":"wiiu-env","repo":"PayloadFromRPX","tag":{"name":"v0.1","commit":"35ba227bd77ebb1fd3e5554f20afb55f994022cf"}}]}]